key,0,1
#,,
offset,0,4
int32,str,str
0,"TEXT_CTSWKSSDGATTENDANT_00920_RESEARCHINGWAY_000_001","Haven't seen you around before... Ahem. If you've yet to speak to Searchingway, I suggest you rectify that posthaste."
1,"TEXT_CTSWKSSDGATTENDANT_00920_RESEARCHINGWAY_000_016","Welcome to Phaenna. If you've yet to speak to Searchingway, I suggest you rectify that posthaste."
2,"TEXT_CTSWKSSDGATTENDANT_00920_RESEARCHINGWAY_000_017","I bid you welcome to Oizys. Be sure to speak with Searchingway if you've yet to do so."
3,"TEXT_CTSWKSSDGATTENDANT_00920_RESEARCHINGWAY_000_018","惑星アウクセシアにようこそっショ～！<hex:02100103>いやはや、ついにこんな惑星にまで辿り着いたんダナ。<hex:02100103>まずはサーチングウェイから、話を聞いてくるといいっショ～！"
4,"TEXT_CTSWKSSDGATTENDANT_00920_RESEARCHINGWAY_000_002","Welcome to the interplanetary research station, where we analyze exploration data and develop new tools for the betterment of the initiative."
5,"TEXT_CTSWKSSDGATTENDANT_00920_RESEARCHINGWAY_000_003","If you would like to take part in our research, it's simple: complete stellar missions to fill up your dataset, then report back."
6,"TEXT_CTSWKSSDGATTENDANT_00920_RESEARCHINGWAY_000_004","Our cosmic tools are still prototypes for now, but the more data you bring in for analysis, the more we'll be able to improve them."
7,"TEXT_CTSWKSSDGATTENDANT_00920_RESEARCHINGWAY_100_005","Check your exotablet─all the details are there!"
8,"TEXT_CTSWKSSDGATTENDANT_00920_SYSTEM_100_006","You may now participate in cosmic research. Progress is displayed on your exotablet under Cosmic Research."
9,"TEXT_CTSWKSSDGATTENDANT_00920_SYSTEM_100_007","For more detailed information, check the Exploration Guide."
10,"TEXT_CTSWKSSDGATTENDANT_00920_RESEARCHINGWAY_000_005","Welcome to the interplanetary research station! I'd be happy to help you with data reporting, cosmic tools, or whatever else you may need."
11,"TEXT_CTSWKSSDGATTENDANT_00920_Q1_000_000","What will you do?"
12,"TEXT_CTSWKSSDGATTENDANT_00920_A1_000_001","Report research data."
13,"TEXT_CTSWKSSDGATTENDANT_00920_A1_000_002","Inquire about cosmic tools."
14,"TEXT_CTSWKSSDGATTENDANT_00920_A1_000_003","Small talk."
15,"TEXT_CTSWKSSDGATTENDANT_00920_A1_000_004","Nothing."
16,"TEXT_CTSWKSSDGATTENDANT_00920_A1_000_005","Purchase a cosmic tool replica."
17,"TEXT_CTSWKSSDGATTENDANT_00920_A1_000_006","マスターシップミッションとは？"
18,"TEXT_CTSWKSSDGATTENDANT_00920_SYSTEM_000_001","Which research would you like to report?"
19,"TEXT_CTSWKSSDGATTENDANT_00920_RESEARCHINGWAY_000_006","I'm afraid we've finished work on that dataset. Have you considered broadening your horizons?"
20,"TEXT_CTSWKSSDGATTENDANT_00920_RESEARCHINGWAY_000_007","You can do better than that, surely? Go and complete more stellar missions. I can't work with anything less than a full dataset. "
21,"TEXT_CTSWKSSDGATTENDANT_00920_RESEARCHINGWAY_000_014","...And before you say “that's too vague,” all the exact figures you could want are right there on your exotablet."
22,"TEXT_CTSWKSSDGATTENDANT_00920_RESEARCHINGWAY_000_015","I realize it's a lot of work, but just think of what you'll gain in return: my boundless appreciation! And a cosmic tool, I suppose."
23,"TEXT_CTSWKSSDGATTENDANT_00920_EXCHANGE_CONFIRM","Report <hex:022816FF11>WKSCosmoToolName<hex:E8020103> and have your <hex:02310CFF05>Item<hex:04E803020203> enhanced?<hex:02100103><hex:02100103><hex:02086CE1E80401FF01><hex:FF64><hex:024804F201FC03><hex:024904F201FD03>Upon enhancement, level requirement may exceed current character level.<hex:0249020103><hex:0248020103><hex:02100103><hex:03><hex:024804F201FA03><hex:024904F201FB03>Spiritbond will be reset to 0% and any affixed materia will be lost.<hex:0249020103><hex:0248020103>"
24,"TEXT_CTSWKSSDGATTENDANT_00920_EXCHANGE_CONFIRM_CHECKBOX","Report research data."
25,"TEXT_CTSWKSSDGATTENDANT_00920_GIVE_CONFIRM","Report <hex:022816FF11>WKSCosmoToolName<hex:E8020103> and obtain the corresponding cosmic tool?<hex:02100103><hex:020857E1E80301FF01><hex:FF4F><hex:024804F201FC03><hex:024904F201FD03>Level requirement exceeds current character level.<hex:0249020103><hex:0248020103><hex:02100103><hex:03>"
26,"TEXT_CTSWKSSDGATTENDANT_00920_SYSTEM_000_002","Unable to obtain item. Insufficient inventory space."
27,"TEXT_CTSWKSSDGATTENDANT_00920_RESEARCHINGWAY_100_007","Your <hex:02310CFF05>Item<hex:04E802020203>? I'll need to wait until you've finished using it."
28,"TEXT_CTSWKSSDGATTENDANT_00920_SYSTEM_000_006","Unable to complete trade. The selected gear is currently equipped."
29,"TEXT_CTSWKSSDGATTENDANT_00920_RESEARCHINGWAY_000_008","With your help, the <hex:022816FF11>WKSCosmoToolName<hex:E8020103> is now complete!<hex:02100103><hex:02100103><hex:02100103><hex:02100103>Oh! Right. <hex:021A020203>Ahem<hex:021A020103>... And be sure to try out your newly enhanced cosmic tool!"
30,"TEXT_CTSWKSSDGATTENDANT_00920_RESEARCHINGWAY_000_009","Not to interrupt your report, but with all the data you've gathered, we may be on the cusp of a breakthrough..."
31,"TEXT_CTSWKSSDGATTENDANT_00920_CONTINUE_UPDATE_CONFIRM_CHECKBOX","Continue reporting research data?"
32,"TEXT_CTSWKSSDGATTENDANT_00920_RESEARCHINGWAY_000_010","With your help, we've officially reached a new stage of research, and you know what that means: we're in need of all-new data! Check your exotablet for the details."
33,"TEXT_CTSWKSSDGATTENDANT_00920_SYSTEM_000_004","Your current research level has earned you a new cosmic tool. Which would you like to receive?"
34,"TEXT_CTSWKSSDGATTENDANT_00920_RESEARCHINGWAY_000_013","Keep in mind that this tool reflects the current stage of our research. I eagerly await your next report!"
35,"TEXT_CTSWKSSDGATTENDANT_00920_SYSTEM_000_005","Nothing."
36,"TEXT_CTSWKSSDGATTENDANT_00920_RESEARCHINGWAY_000_011","Ahem! You already have that one, remember?"
37,"TEXT_CTSWKSSDGATTENDANT_00920_RESEARCHINGWAY_000_012","If you want to upgrade a cosmic tool, you'll need to bring me data, and lots of it. Your exotablet has all the relevant details."
38,"TEXT_CTSWKSSDGATTENDANT_00920_RESEARCHINGWAY_000_019","ついに、ついに……！<hex:02100103>コスモリサーチの研究目標が達せられたっショ～！"
39,"TEXT_CTSWKSSDGATTENDANT_00920_RESEARCHINGWAY_000_020","今回完成したコスモツールには、<hex:02100103>計画で培われた技術の、全てが詰まっているっショ！<hex:02100103>こんな素晴らしいモノが造れたなんて、大感激なんダナ！"
40,"TEXT_CTSWKSSDGATTENDANT_00920_RESEARCHINGWAY_000_021","そのコスモツールの性能限界は、まだまだ未知数なんダナ。<hex:02100103>だから実は……計画機構に無理を言って、<hex:02100103>性能を評価するためのミッションを用意してもらったっショ！"
41,"TEXT_CTSWKSSDGATTENDANT_00920_RESEARCHINGWAY_000_022","キミのエクスプローラータブレットに権限を与えて、<hex:02100103>「マスターシップミッション」を受注できるようにしたっショ。<hex:02100103>もし良かったら、挑戦してみてほしいんダナ！！"
42,"TEXT_CTSWKSSDGATTENDANT_00920_RESEARCHINGWAY_000_027","マスターシップミッションのこと、<hex:02100103>気になったら、また聞きにくるといいっショ～！"
43,"TEXT_CTSWKSSDGATTENDANT_00920_SYSTEM_200_000","「マスターシップミッション」が解放されました。<hex:02100103>コスモツールを完成させたクラスに限り、ミッション受注画面の、<hex:02100103>「マスターシップミッション」から受注が可能です。"
44,"TEXT_CTSWKSSDGATTENDANT_00920_SYSTEM_200_001","これは、定められた目標値を超えて、<hex:02100103>最高の評価を目指す特別なチャレンジとなります。"
45,"TEXT_CTSWKSSDGATTENDANT_00920_SYSTEM_200_002","ミッション受注リスト画面にて、<hex:02100103>これまでに獲得した評価値の「ハイスコア」が確認できます。<hex:02100103>知識と経験を総動員して、自分の限界を超えてみましょう。"
46,"TEXT_CTSWKSSDGATTENDANT_00920_SYSTEM_200_003","より詳細な情報については、<hex:02100103>エクスプローラータブレットの「惑星探索のすすめ」より、<hex:02100103>項目「マスターシップミッション」をご確認ください。"
47,"TEXT_CTSWKSSDGATTENDANT_00920_SYSTEM_200_004","マスターシップミッションの詳しい説明を確認しますか？"
48,"TEXT_CTSWKSSDGATTENDANT_00920_RESEARCHINGWAY_000_023","コスモリサーチの研究目標が、またまた達成できたんダナ！<hex:02100103>本当に感謝っショ！"
49,"TEXT_CTSWKSSDGATTENDANT_00920_RESEARCHINGWAY_000_024","そのコスモツールも、これまでの道具に負けない<hex:02100103>チョー素晴らしい性能っショ！<hex:02100103>ぜひ、キミの活動に役立ててほしいんダナ！"
50,"TEXT_CTSWKSSDGATTENDANT_00920_RESEARCHINGWAY_000_025","完成したコスモツールの使い心地はどうっショ～？<hex:02100103>もし良かったら、他の分野のコスモリサーチにも、<hex:02100103>協力してもらえたら嬉しいんダナ！"
51,"TEXT_CTSWKSSDGATTENDANT_00920_RESEARCHINGWAY_000_026","キミのおかげで、この計画で目標としていた、<hex:02100103>全てのコスモリサーチが完了できたっショ！<hex:02100103>大感謝、大感激なんダナ！"
52,"TEXT_CTSWKSSDGATTENDANT_00920_CLASS_NAME","<hex:022B14FF12><hex:02280EFF09>ClassJob<hex:E8020103><hex:03>."
53,"TEXT_CTSWKSSDGATTENDANT_00920_SCANNINGWAY_000_001",""
54,"TEXT_CTSWKSSDGATTENDANT_00920_SCANNINGWAY_000_002",""
55,"TEXT_CTSWKSSDGATTENDANT_00920_SCANNINGWAY_000_003",""
56,"TEXT_CTSWKSSDGATTENDANT_00920_SCANNINGWAY_000_004",""
57,"TEXT_CTSWKSSDGATTENDANT_00920_SCANNINGWAY_000_005",""
58,"TEXT_CTSWKSSDGATTENDANT_00920_SCANNINGWAY_000_006",""
59,"TEXT_CTSWKSSDGATTENDANT_00920_SCANNINGWAY_000_007",""
60,"TEXT_CTSWKSSDGATTENDANT_00920_SCANNINGWAY_000_008",""
61,"TEXT_CTSWKSSDGATTENDANT_00920_SCANNINGWAY_000_009",""
62,"TEXT_CTSWKSSDGATTENDANT_00920_SCANNINGWAY_000_010",""
63,"TEXT_CTSWKSSDGATTENDANT_00920_SCANNINGWAY_000_011",""
64,"TEXT_CTSWKSSDGATTENDANT_00920_RESULT",""
65,"TEXT_CTSWKSSDGATTENDANT_00920_TOOL_NAME",""
66,"TEXT_CTSWKSSDGATTENDANT_00920_SYSTEM_000_003",""
