key,0,1,2,3,4,5,6,7,8,9,10,11,12,13,14,15,16,17,18,19,20,21,22,23,24,25,26,27,28,29,30,31,32,33,34,35,36,37,38,39,40,41,42,43,44,45,46
#,Name,ADV,GLD,PGL,MRD,LNC,ARQ,CNJ,THM,CRP,HRR,ARM,ORF,PLT,TJD,ALQ,CUL,MIN,BTN,PSC,PLD,MNJ,GER,DRG,BRD,MGB,MGN,ACN,INV,ERU,BAN,NIN,MQN,CBO,AST,SAM,MGR,MGA,SBP,BLN,SGD,SAB,VPR,PCT,,,
offset,0,4,5,6,7,8,9,10,11,12,13,14,15,16,17,18,19,20,21,22,23,24,25,26,27,28,29,30,31,32,33,34,35,36,37,38,39,40,41,42,43,44,45,46,47,48,49
int32,str,bool,bool,bool,bool,bool,bool,bool,bool,bool,bool,bool,bool,bool,bool,bool,bool,bool,bool,bool,bool,bool,bool,bool,bool,bool,bool,bool,bool,bool,bool,bool,bool,bool,bool,bool,bool,bool,bool,bool,bool,bool,bool,bool,bool,bool,bool
0,"",False,False,False,False,False,False,False,False,False,False,False,False,False,False,False,False,False,False,False,False,False,False,False,False,False,False,False,False,False,False,False,False,False,False,False,False,False,False,False,False,False,False,False,False,False,False
1,"Todas las clases",True,True,True,True,True,True,True,True,True,True,True,True,True,True,True,True,True,True,True,True,True,True,True,True,True,True,True,True,True,True,True,True,True,True,True,True,True,True,True,True,True,True,True,False,False,False
2,"GLD",False,True,False,False,False,False,False,False,False,False,False,False,False,False,False,False,False,False,False,False,False,False,False,False,False,False,False,False,False,False,False,False,False,False,False,False,False,False,False,False,False,False,False,False,False,False
3,"PGL",False,False,True,False,False,False,False,False,False,False,False,False,False,False,False,False,False,False,False,False,False,False,False,False,False,False,False,False,False,False,False,False,False,False,False,False,False,False,False,False,False,False,False,False,False,False
4,"MRD",False,False,False,True,False,False,False,False,False,False,False,False,False,False,False,False,False,False,False,False,False,False,False,False,False,False,False,False,False,False,False,False,False,False,False,False,False,False,False,False,False,False,False,False,False,False
5,"LNC",False,False,False,False,True,False,False,False,False,False,False,False,False,False,False,False,False,False,False,False,False,False,False,False,False,False,False,False,False,False,False,False,False,False,False,False,False,False,False,False,False,False,False,False,False,False
6,"ARQ",False,False,False,False,False,True,False,False,False,False,False,False,False,False,False,False,False,False,False,False,False,False,False,False,False,False,False,False,False,False,False,False,False,False,False,False,False,False,False,False,False,False,False,False,False,False
7,"CNJ",False,False,False,False,False,False,True,False,False,False,False,False,False,False,False,False,False,False,False,False,False,False,False,False,False,False,False,False,False,False,False,False,False,False,False,False,False,False,False,False,False,False,False,False,False,False
8,"THM",False,False,False,False,False,False,False,True,False,False,False,False,False,False,False,False,False,False,False,False,False,False,False,False,False,False,False,False,False,False,False,False,False,False,False,False,False,False,False,False,False,False,False,False,False,False
9,"CRP",False,False,False,False,False,False,False,False,True,False,False,False,False,False,False,False,False,False,False,False,False,False,False,False,False,False,False,False,False,False,False,False,False,False,False,False,False,False,False,False,False,False,False,False,False,False
10,"HRR",False,False,False,False,False,False,False,False,False,True,False,False,False,False,False,False,False,False,False,False,False,False,False,False,False,False,False,False,False,False,False,False,False,False,False,False,False,False,False,False,False,False,False,False,False,False
11,"ARM",False,False,False,False,False,False,False,False,False,False,True,False,False,False,False,False,False,False,False,False,False,False,False,False,False,False,False,False,False,False,False,False,False,False,False,False,False,False,False,False,False,False,False,False,False,False
12,"ORF",False,False,False,False,False,False,False,False,False,False,False,True,False,False,False,False,False,False,False,False,False,False,False,False,False,False,False,False,False,False,False,False,False,False,False,False,False,False,False,False,False,False,False,False,False,False
13,"PLT",False,False,False,False,False,False,False,False,False,False,False,False,True,False,False,False,False,False,False,False,False,False,False,False,False,False,False,False,False,False,False,False,False,False,False,False,False,False,False,False,False,False,False,False,False,False
14,"TJD",False,False,False,False,False,False,False,False,False,False,False,False,False,True,False,False,False,False,False,False,False,False,False,False,False,False,False,False,False,False,False,False,False,False,False,False,False,False,False,False,False,False,False,False,False,False
15,"ALQ",False,False,False,False,False,False,False,False,False,False,False,False,False,False,True,False,False,False,False,False,False,False,False,False,False,False,False,False,False,False,False,False,False,False,False,False,False,False,False,False,False,False,False,False,False,False
16,"CUL",False,False,False,False,False,False,False,False,False,False,False,False,False,False,False,True,False,False,False,False,False,False,False,False,False,False,False,False,False,False,False,False,False,False,False,False,False,False,False,False,False,False,False,False,False,False
17,"MIN",False,False,False,False,False,False,False,False,False,False,False,False,False,False,False,False,True,False,False,False,False,False,False,False,False,False,False,False,False,False,False,False,False,False,False,False,False,False,False,False,False,False,False,False,False,False
18,"BTN",False,False,False,False,False,False,False,False,False,False,False,False,False,False,False,False,False,True,False,False,False,False,False,False,False,False,False,False,False,False,False,False,False,False,False,False,False,False,False,False,False,False,False,False,False,False
19,"PSC",False,False,False,False,False,False,False,False,False,False,False,False,False,False,False,False,False,False,True,False,False,False,False,False,False,False,False,False,False,False,False,False,False,False,False,False,False,False,False,False,False,False,False,False,False,False
20,"PLD",False,False,False,False,False,False,False,False,False,False,False,False,False,False,False,False,False,False,False,True,False,False,False,False,False,False,False,False,False,False,False,False,False,False,False,False,False,False,False,False,False,False,False,False,False,False
21,"MNJ",False,False,False,False,False,False,False,False,False,False,False,False,False,False,False,False,False,False,False,False,True,False,False,False,False,False,False,False,False,False,False,False,False,False,False,False,False,False,False,False,False,False,False,False,False,False
22,"GER",False,False,False,False,False,False,False,False,False,False,False,False,False,False,False,False,False,False,False,False,False,True,False,False,False,False,False,False,False,False,False,False,False,False,False,False,False,False,False,False,False,False,False,False,False,False
23,"DRG",False,False,False,False,False,False,False,False,False,False,False,False,False,False,False,False,False,False,False,False,False,False,True,False,False,False,False,False,False,False,False,False,False,False,False,False,False,False,False,False,False,False,False,False,False,False
24,"BRD",False,False,False,False,False,False,False,False,False,False,False,False,False,False,False,False,False,False,False,False,False,False,False,True,False,False,False,False,False,False,False,False,False,False,False,False,False,False,False,False,False,False,False,False,False,False
25,"MGB",False,False,False,False,False,False,False,False,False,False,False,False,False,False,False,False,False,False,False,False,False,False,False,False,True,False,False,False,False,False,False,False,False,False,False,False,False,False,False,False,False,False,False,False,False,False
26,"MGN",False,False,False,False,False,False,False,False,False,False,False,False,False,False,False,False,False,False,False,False,False,False,False,False,False,True,False,False,False,False,False,False,False,False,False,False,False,False,False,False,False,False,False,False,False,False
27,"ACN",False,False,False,False,False,False,False,False,False,False,False,False,False,False,False,False,False,False,False,False,False,False,False,False,False,False,True,False,False,False,False,False,False,False,False,False,False,False,False,False,False,False,False,False,False,False
28,"INV",False,False,False,False,False,False,False,False,False,False,False,False,False,False,False,False,False,False,False,False,False,False,False,False,False,False,False,True,False,False,False,False,False,False,False,False,False,False,False,False,False,False,False,False,False,False
29,"ERU",False,False,False,False,False,False,False,False,False,False,False,False,False,False,False,False,False,False,False,False,False,False,False,False,False,False,False,False,True,False,False,False,False,False,False,False,False,False,False,False,False,False,False,False,False,False
30,"Discípulo de la Guerra",False,True,True,True,True,True,False,False,False,False,False,False,False,False,False,False,False,False,False,True,True,True,True,True,False,False,False,False,False,True,True,True,True,False,True,False,False,True,True,True,False,True,False,False,False,False
31,"Discípulo de la Magia",False,False,False,False,False,False,True,True,False,False,False,False,False,False,False,False,False,False,False,False,False,False,False,False,True,True,True,True,True,False,False,False,False,True,False,True,True,False,False,False,True,False,True,False,False,False
32,"Discípulo de la Tierra",False,False,False,False,False,False,False,False,False,False,False,False,False,False,False,False,True,True,True,False,False,False,False,False,False,False,False,False,False,False,False,False,False,False,False,False,False,False,False,False,False,False,False,False,False,False
33,"Discípulo de la Mano",False,False,False,False,False,False,False,False,True,True,True,True,True,True,True,True,False,False,False,False,False,False,False,False,False,False,False,False,False,False,False,False,False,False,False,False,False,False,False,False,False,False,False,False,False,False
34,"Discípulos de la Guerra o de la Magia",False,True,True,True,True,True,True,True,False,False,False,False,False,False,False,False,False,False,False,True,True,True,True,True,True,True,True,True,True,True,True,True,True,True,True,True,True,True,True,True,True,True,True,False,False,False
35,"Discípulos de la Tierra o de la Mano",False,False,False,False,False,False,False,False,True,True,True,True,True,True,True,True,True,True,True,False,False,False,False,False,False,False,False,False,False,False,False,False,False,False,False,False,False,False,False,False,False,False,False,False,False,False
36,"Cualquier discípulo de la Guerra (excepto los GLDdiadores)",False,False,True,True,True,True,False,False,False,False,False,False,False,False,False,False,False,False,False,True,True,True,True,True,False,False,False,False,False,True,True,True,True,False,False,False,False,False,False,True,False,True,False,False,False,False
37,"GLD PGL MRD LNC ARQ BAN CNJ THM ACN PLD GER CBO",False,True,True,True,True,True,True,True,False,False,False,False,False,False,False,False,False,False,False,True,False,True,False,False,False,False,True,False,False,True,False,False,True,False,False,False,False,False,False,False,False,False,False,False,False,False
38,"GLD PLD",False,True,False,False,False,False,False,False,False,False,False,False,False,False,False,False,False,False,False,True,False,False,False,False,False,False,False,False,False,False,False,False,False,False,False,False,False,False,False,False,False,False,False,False,False,False
39,"GLD PGL MRD LNC ARQ BAN PLD GER CBO",False,True,True,True,True,True,False,False,False,False,False,False,False,False,False,False,False,False,False,True,False,True,False,False,False,False,False,False,False,True,False,False,True,False,False,False,False,False,False,False,False,False,False,False,False,False
40,"GLD PGL MRD LNC ARQ BAN CNJ THM ACN MNJ GER DRG BRD NIN",False,True,True,True,True,True,True,True,False,False,False,False,False,False,False,False,False,False,False,False,True,True,True,True,False,False,True,False,False,True,True,False,False,False,False,False,False,False,False,False,False,False,False,False,False,False
41,"PGL MNJ",False,False,True,False,False,False,False,False,False,False,False,False,False,False,False,False,False,False,False,False,True,False,False,False,False,False,False,False,False,False,False,False,False,False,False,False,False,False,False,False,False,False,False,False,False,False
42,"GLD PGL MRD LNC ARQ BAN MNJ GER DRG BRD NIN",False,True,True,True,True,True,False,False,False,False,False,False,False,False,False,False,False,False,False,False,True,True,True,True,False,False,False,False,False,True,True,False,False,False,False,False,False,False,False,False,False,False,False,False,False,False
43,"GLD PGL MRD LNC ARQ BAN CNJ THM ACN PLD MNJ GER DRG CBO",False,True,True,True,True,True,True,True,False,False,False,False,False,False,False,False,False,False,False,True,True,True,True,False,False,False,True,False,False,True,False,False,True,False,False,False,False,False,False,False,False,False,False,False,False,False
44,"MRD GER",False,False,False,True,False,False,False,False,False,False,False,False,False,False,False,False,False,False,False,False,False,True,False,False,False,False,False,False,False,False,False,False,False,False,False,False,False,False,False,False,False,False,False,False,False,False
45,"GLD PGL MRD LNC ARQ BAN PLD MNJ GER DRG CBO",False,True,True,True,True,True,False,False,False,False,False,False,False,False,False,False,False,False,False,True,True,True,True,False,False,False,False,False,False,True,False,False,True,False,False,False,False,False,False,False,False,False,False,False,False,False
46,"GLD PGL MRD LNC ARQ BAN CNJ THM ACN MNJ DRG BRD NIN MQN",False,True,True,True,True,True,True,True,False,False,False,False,False,False,False,False,False,False,False,False,True,False,True,True,False,False,True,False,False,True,True,True,False,False,False,False,False,False,False,False,False,False,False,False,False,False
47,"LNC DRG",False,False,False,False,True,False,False,False,False,False,False,False,False,False,False,False,False,False,False,False,False,False,True,False,False,False,False,False,False,False,False,False,False,False,False,False,False,False,False,False,False,False,False,False,False,False
48,"GLD PGL MRD LNC ARQ BAN MNJ DRG BRD NIN MQN",False,True,True,True,True,True,False,False,False,False,False,False,False,False,False,False,False,False,False,False,True,False,True,True,False,False,False,False,False,True,True,True,False,False,False,False,False,False,False,False,False,False,False,False,False,False
49,"GLD PGL MRD LNC ARQ BAN CNJ THM ACN BRD MGN INV MQN",False,True,True,True,True,True,True,True,False,False,False,False,False,False,False,False,False,False,False,False,False,False,False,True,False,True,True,True,False,True,False,True,False,False,False,False,False,False,False,False,False,False,False,False,False,False
50,"ARQ BRD",False,False,False,False,False,True,False,False,False,False,False,False,False,False,False,False,False,False,False,False,False,False,False,True,False,False,False,False,False,False,False,False,False,False,False,False,False,False,False,False,False,False,False,False,False,False
51,"GLD PGL MRD LNC ARQ BAN BRD MQN",False,True,True,True,True,True,False,False,False,False,False,False,False,False,False,False,False,False,False,False,False,False,False,True,False,False,False,False,False,True,False,True,False,False,False,False,False,False,False,False,False,False,False,False,False,False
52,"GLD PGL MRD LNC ARQ BAN CNJ THM ACN PLD MGB ERU AST",False,True,True,True,True,True,True,True,False,False,False,False,False,False,False,False,False,False,False,True,False,False,False,False,True,False,True,False,True,True,False,False,False,True,False,False,False,False,False,False,False,False,False,False,False,False
53,"CNJ MGB",False,False,False,False,False,False,True,False,False,False,False,False,False,False,False,False,False,False,False,False,False,False,False,False,True,False,False,False,False,False,False,False,False,False,False,False,False,False,False,False,False,False,False,False,False,False
54,"GLD PGL MRD LNC ARQ BAN CNJ THM ACN MGB MGN INV ERU AST",False,True,True,True,True,True,True,True,False,False,False,False,False,False,False,False,False,False,False,False,False,False,False,False,True,True,True,True,True,True,False,False,False,True,False,False,False,False,False,False,False,False,False,False,False,False
55,"THM MGN",False,False,False,False,False,False,False,True,False,False,False,False,False,False,False,False,False,False,False,False,False,False,False,False,False,True,False,False,False,False,False,False,False,False,False,False,False,False,False,False,False,False,False,False,False,False
56,"GLD CNJ THM PLD MGB MGN",False,True,False,False,False,False,True,True,False,False,False,False,False,False,False,False,False,False,False,True,False,False,False,False,True,True,False,False,False,False,False,False,False,False,False,False,False,False,False,False,False,False,False,False,False,False
57,"GLD THM PLD MGN",False,True,False,False,False,False,False,True,False,False,False,False,False,False,False,False,False,False,False,True,False,False,False,False,False,True,False,False,False,False,False,False,False,False,False,False,False,False,False,False,False,False,False,False,False,False
58,"GLD CNJ PLD MGB",False,True,False,False,False,False,True,False,False,False,False,False,False,False,False,False,False,False,False,True,False,False,False,False,True,False,False,False,False,False,False,False,False,False,False,False,False,False,False,False,False,False,False,False,False,False
59,"GLD MRD PLD GER CBO SBP",False,True,False,True,False,False,False,False,False,False,False,False,False,False,False,False,False,False,False,True,False,True,False,False,False,False,False,False,False,False,False,False,True,False,False,False,False,True,False,False,False,False,False,False,False,False
60,"GLD MRD LNC PLD GER DRG CBO SBP SGD",False,True,False,True,True,False,False,False,False,False,False,False,False,False,False,False,False,False,False,True,False,True,True,False,False,False,False,False,False,False,False,False,True,False,False,False,False,True,False,True,False,False,False,False,False,False
61,"CNJ THM ACN MGB ERU AST",False,False,False,False,False,False,True,True,False,False,False,False,False,False,False,False,False,False,False,False,False,False,False,False,True,False,True,False,True,False,False,False,False,True,False,False,False,False,False,False,False,False,False,False,False,False
62,"CNJ THM ACN MGB MGN INV ERU AST",False,False,False,False,False,False,True,True,False,False,False,False,False,False,False,False,False,False,False,False,False,False,False,False,True,True,True,True,True,False,False,False,False,True,False,False,False,False,False,False,False,False,False,False,False,False
63,"THM ACN MGN INV MGR MGA PCT",False,False,False,False,False,False,False,True,False,False,False,False,False,False,False,False,False,False,False,False,False,False,False,False,False,True,True,True,False,False,False,False,False,False,False,True,True,False,False,False,False,False,True,False,False,False
64,"CNJ MGB ERU AST SAB",False,False,False,False,False,False,True,False,False,False,False,False,False,False,False,False,False,False,False,False,False,False,False,False,True,False,False,False,True,False,False,False,False,True,False,False,False,False,False,False,True,False,False,False,False,False
65,"PGL MNJ SAM",False,False,True,False,False,False,False,False,False,False,False,False,False,False,False,False,False,False,False,False,True,False,False,False,False,False,False,False,False,False,False,False,False,False,True,False,False,False,False,False,False,False,False,False,False,False
66,"ARQ BRD MQN BLN",False,False,False,False,False,True,False,False,False,False,False,False,False,False,False,False,False,False,False,False,False,False,False,True,False,False,False,False,False,False,False,True,False,False,False,False,False,False,True,False,False,False,False,False,False,False
67,"GLD PGL MRD LNC BAN MNJ DRG NIN",False,True,True,True,True,False,False,False,False,False,False,False,False,False,False,False,False,False,False,False,True,False,True,False,False,False,False,False,False,True,True,False,False,False,False,False,False,False,False,False,False,False,False,False,False,False
68,"ACN INV ERU",False,False,False,False,False,False,False,False,False,False,False,False,False,False,False,False,False,False,False,False,False,False,False,False,False,False,True,True,True,False,False,False,False,False,False,False,False,False,False,False,False,False,False,False,False,False
69,"ACN INV",False,False,False,False,False,False,False,False,False,False,False,False,False,False,False,False,False,False,False,False,False,False,False,False,False,False,True,True,False,False,False,False,False,False,False,False,False,False,False,False,False,False,False,False,False,False
70,"Cualquier Discípulo de la Mano (excepto los cocineros)",False,False,False,False,False,False,False,False,True,True,True,True,True,True,True,False,False,False,False,False,False,False,False,False,False,False,False,False,False,False,False,False,False,False,False,False,False,False,False,False,False,False,False,False,False,False
71,"GLD PGL MRD LNC ARQ BAN CNJ THM ACN MGB MGN INV ERU",False,True,True,True,True,True,True,True,False,False,False,False,False,False,False,False,False,False,False,False,False,False,False,False,True,True,True,True,True,True,False,False,False,False,False,False,False,False,False,False,False,False,False,False,False,False
72,"CNJ THM ACN MGB MGN INV ERU",False,False,False,False,False,False,True,True,False,False,False,False,False,False,False,False,False,False,False,False,False,False,False,False,True,True,True,True,True,False,False,False,False,False,False,False,False,False,False,False,False,False,False,False,False,False
73,"CNJ MGB ERU AST SAB",False,False,False,False,False,False,True,False,False,False,False,False,False,False,False,False,False,False,False,False,False,False,False,False,True,False,False,False,True,False,False,False,False,True,False,False,False,False,False,False,True,False,False,False,False,False
74,"",True,True,True,True,True,True,True,True,True,True,True,True,True,True,True,True,True,True,True,True,True,True,True,True,True,True,True,True,True,True,True,True,True,True,True,True,True,True,True,True,True,True,True,False,False,False
75,"",False,True,False,True,False,False,False,False,False,False,False,False,False,False,False,False,False,False,False,True,False,True,False,False,False,False,False,False,False,False,False,False,True,False,False,False,False,True,False,False,False,False,False,False,False,False
76,"LNC DRG SGD",False,False,False,False,True,False,False,False,False,False,False,False,False,False,False,False,False,False,False,False,False,False,True,False,False,False,False,False,False,False,False,False,False,False,False,False,False,False,False,True,False,False,False,False,False,False
77,"",False,False,True,False,False,False,False,False,False,False,False,False,False,False,False,False,False,False,False,False,True,False,False,False,False,False,False,False,False,False,False,False,False,False,True,False,False,False,False,False,False,False,False,False,False,False
78,"",False,False,False,False,False,True,False,False,False,False,False,False,False,False,False,False,False,False,False,False,False,False,False,True,False,False,False,False,False,False,False,True,False,False,False,False,False,False,True,False,False,False,False,False,False,False
79,"",False,False,False,False,False,False,False,True,False,False,False,False,False,False,False,False,False,False,False,False,False,False,False,False,False,True,True,True,False,False,False,False,False,False,False,True,True,False,False,False,False,False,True,False,False,False
80,"",False,False,False,False,False,False,True,False,False,False,False,False,False,False,False,False,False,False,False,False,False,False,False,False,True,False,False,False,True,False,False,False,False,True,False,False,False,False,False,False,True,False,False,False,False,False
81,"",False,False,True,False,True,True,False,False,False,False,False,False,False,False,False,False,False,False,False,False,True,False,True,True,False,False,False,False,False,True,True,True,False,False,True,False,False,False,True,True,False,True,False,False,False,False
82,"",False,False,False,False,False,False,True,True,False,False,False,False,False,False,False,False,False,False,False,False,False,False,False,False,True,True,True,True,True,False,False,False,False,True,False,True,True,False,False,False,True,False,True,False,False,False
83,"",False,False,False,False,False,False,False,False,True,True,True,True,True,True,True,True,True,True,True,False,False,False,False,False,False,False,False,False,False,False,False,False,False,False,False,False,False,False,False,False,False,False,False,False,False,False
84,"PGL LNC MNJ DRG SAM SGD",False,False,True,False,True,False,False,False,False,False,False,False,False,False,False,False,False,False,False,False,True,False,True,False,False,False,False,False,False,False,False,False,False,False,True,False,False,False,False,True,False,False,False,False,False,False
85,"Las profesiones de los discípulos de la Guerra o la Magia",False,False,False,False,False,False,False,False,False,False,False,False,False,False,False,False,False,False,False,True,True,True,True,True,True,True,False,True,True,False,True,True,True,True,True,True,False,True,True,True,True,True,True,False,False,False
86,"PLD GER CBO SBP MNJ DRG NIN SAM",False,False,False,False,False,False,False,False,False,False,False,False,False,False,False,False,False,False,False,True,True,True,True,False,False,False,False,False,False,False,True,False,True,False,True,False,False,True,False,False,False,False,False,False,False,False
87,"BRD MQN BLN MGN INV MGR MGB ERU AST",False,False,False,False,False,False,False,False,False,False,False,False,False,False,False,False,False,False,False,False,False,False,False,True,True,True,False,True,True,False,False,True,False,True,False,True,False,False,True,False,False,False,False,False,False,False
88,"GLD MRD PGL LNC ARQ BAN PLD MNJ GER DRG BRD NIN MQN",False,True,True,True,True,True,False,False,False,False,False,False,False,False,False,False,False,False,False,True,True,True,True,True,False,False,False,False,False,True,True,True,True,False,False,False,False,False,False,False,False,False,False,False,False,False
89,"MGN INV MGR PCT",False,False,False,False,False,False,False,False,False,False,False,False,False,False,False,False,False,False,False,False,False,False,False,False,False,True,False,True,False,False,False,False,False,False,False,True,False,False,False,False,False,False,True,False,False,False
90,"ARQ CNJ THM ACN MGB BRD MGN INV ERU MQN AST",False,False,False,False,False,True,True,True,False,False,False,False,False,False,False,False,False,False,False,False,False,False,False,True,True,True,True,True,True,False,False,True,False,True,False,False,False,False,False,False,False,False,False,False,False,False
91,"BAN",False,False,False,False,False,False,False,False,False,False,False,False,False,False,False,False,False,False,False,False,False,False,False,False,False,False,False,False,False,True,False,False,False,False,False,False,False,False,False,False,False,False,False,False,False,False
92,"NIN",False,False,False,False,False,False,False,False,False,False,False,False,False,False,False,False,False,False,False,False,False,False,False,False,False,False,False,False,False,False,True,False,False,False,False,False,False,False,False,False,False,False,False,False,False,False
93,"BAN NIN",False,False,False,False,False,False,False,False,False,False,False,False,False,False,False,False,False,False,False,False,False,False,False,False,False,False,False,False,False,True,True,False,False,False,False,False,False,False,False,False,False,False,False,False,False,False
94,"GLD PGL MRD LNC ARQ BAN NIN",False,True,True,True,True,True,False,False,False,False,False,False,False,False,False,False,False,False,False,False,False,False,False,False,False,False,False,False,False,True,True,False,False,False,False,False,False,False,False,False,False,False,False,False,False,False
95,"GLD PGL MRD LNC BAN NIN",False,True,True,True,True,False,False,False,False,False,False,False,False,False,False,False,False,False,False,False,False,False,False,False,False,False,False,False,False,True,True,False,False,False,False,False,False,False,False,False,False,False,False,False,False,False
96,"MQN",False,False,False,False,False,False,False,False,False,False,False,False,False,False,False,False,False,False,False,False,False,False,False,False,False,False,False,False,False,False,False,True,False,False,False,False,False,False,False,False,False,False,False,False,False,False
97,"PGL LNC ARQ BAN MNJ DRG BRD NIN MQN",False,False,True,False,True,True,False,False,False,False,False,False,False,False,False,False,False,False,False,False,True,False,True,True,False,False,False,False,False,True,True,True,False,False,False,False,False,False,False,False,False,False,False,False,False,False
98,"CBO",False,False,False,False,False,False,False,False,False,False,False,False,False,False,False,False,False,False,False,False,False,False,False,False,False,False,False,False,False,False,False,False,True,False,False,False,False,False,False,False,False,False,False,False,False,False
99,"AST",False,False,False,False,False,False,False,False,False,False,False,False,False,False,False,False,False,False,False,False,False,False,False,False,False,False,False,False,False,False,False,False,False,True,False,False,False,False,False,False,False,False,False,False,False,False
100,"ARQ BAN BRD NIN MQN",False,False,False,False,False,True,False,False,False,False,False,False,False,False,False,False,False,False,False,False,False,False,False,True,False,False,False,False,False,True,True,True,False,False,False,False,False,False,False,False,False,False,False,False,False,False
101,"PGL LNC BAN MNJ DRG NIN",False,False,True,False,True,False,False,False,False,False,False,False,False,False,False,False,False,False,False,False,True,False,True,False,False,False,False,False,False,True,True,False,False,False,False,False,False,False,False,False,False,False,False,False,False,False
102,"PGL BAN MNJ NIN SAM VPR",False,False,True,False,False,False,False,False,False,False,False,False,False,False,False,False,False,False,False,False,True,False,False,False,False,False,False,False,False,True,True,False,False,False,True,False,False,False,False,False,False,True,False,False,False,False
103,"BAN NIN VPR",False,False,False,False,False,False,False,False,False,False,False,False,False,False,False,False,False,False,False,False,False,False,False,False,False,False,False,False,False,True,True,False,False,False,False,False,False,False,False,False,False,True,False,False,False,False
104,"",False,False,False,False,False,False,False,False,False,False,False,False,False,False,False,False,False,False,False,False,False,False,False,False,False,False,False,False,False,True,True,False,False,False,False,False,False,False,False,False,False,True,False,False,False,False
105,"ARQ BAN BRD NIN MQN BLN VPR",False,False,False,False,False,True,False,False,False,False,False,False,False,False,False,False,False,False,False,False,False,False,False,True,False,False,False,False,False,True,True,True,False,False,False,False,False,False,True,False,False,True,False,False,False,False
106,"GLD MRD PGL LNC ARQ BAN BRD",False,True,True,True,True,True,False,False,False,False,False,False,False,False,False,False,False,False,False,False,False,False,False,True,False,False,False,False,False,True,False,False,False,False,False,False,False,False,False,False,False,False,False,False,False,False
107,"PLD MNJ GER DRG BRD MGB MGN INV ERU NIN MQN CBO AST",False,False,False,False,False,False,False,False,False,False,False,False,False,False,False,False,False,False,False,True,True,True,True,True,True,True,False,True,True,False,True,True,True,True,False,False,False,False,False,False,False,False,False,False,False,False
108,"Discípulos de la Guerra o la Magia",False,True,True,True,True,True,True,True,False,False,False,False,False,False,False,False,False,False,False,True,True,True,True,True,True,True,True,True,True,True,True,True,True,True,True,True,True,True,True,True,True,True,True,False,False,False
109,"",False,True,True,True,True,True,True,True,True,True,True,True,True,True,True,True,True,True,True,True,True,True,True,True,True,True,True,True,True,True,True,True,True,True,True,True,True,True,True,True,True,True,True,False,False,False
110,"Las profesiones de los discípulos de la Guerra o la Magia",False,False,False,False,False,False,False,False,False,False,False,False,False,False,False,False,False,False,False,True,True,True,True,True,True,True,False,True,True,False,True,True,True,True,True,True,True,True,True,True,True,True,True,False,False,False
111,"SAM",False,False,False,False,False,False,False,False,False,False,False,False,False,False,False,False,False,False,False,False,False,False,False,False,False,False,False,False,False,False,False,False,False,False,True,False,False,False,False,False,False,False,False,False,False,False
112,"MGR",False,False,False,False,False,False,False,False,False,False,False,False,False,False,False,False,False,False,False,False,False,False,False,False,False,False,False,False,False,False,False,False,False,False,False,True,False,False,False,False,False,False,False,False,False,False
113,"GLD MRD PLD GER CBO SBP",False,True,False,True,False,False,False,False,False,False,False,False,False,False,False,False,False,False,False,True,False,True,False,False,False,False,False,False,False,False,False,False,True,False,False,False,False,True,False,False,False,False,False,False,False,False
114,"PGL LNC BAN MNJ DRG NIN SAM SGD VPR",False,False,True,False,True,False,False,False,False,False,False,False,False,False,False,False,False,False,False,False,True,False,True,False,False,False,False,False,False,True,True,False,False,False,True,False,False,False,False,True,False,True,False,False,False,False
115,"ARQ BRD MQN BLN",False,False,False,False,False,True,False,False,False,False,False,False,False,False,False,False,False,False,False,False,False,False,False,True,False,False,False,False,False,False,False,True,False,False,False,False,False,False,True,False,False,False,False,False,False,False
116,"THM ACN MGN INV MGR MGA PCT",False,False,False,False,False,False,False,True,False,False,False,False,False,False,False,False,False,False,False,False,False,False,False,False,False,True,True,True,False,False,False,False,False,False,False,True,True,False,False,False,False,False,True,False,False,False
117,"CNJ MGB ERU AST SAB",False,False,False,False,False,False,True,False,False,False,False,False,False,False,False,False,False,False,False,False,False,False,False,False,True,False,False,False,True,False,False,False,False,True,False,False,False,False,False,False,True,False,False,False,False,False
118,"PGL LNC ARQ BAN MNJ DRG BRD NIN MQN SAM BLN SGD VPR",False,False,True,False,True,True,False,False,False,False,False,False,False,False,False,False,False,False,False,False,True,False,True,True,False,False,False,False,False,True,True,True,False,False,True,False,False,False,True,True,False,True,False,False,False,False
119,"PGL LNC THM ACN BAN MNJ DRG MGN INV NIN SAM MGR MGA SGD VPR PCT",False,False,True,False,True,False,False,True,False,False,False,False,False,False,False,False,False,False,False,False,True,False,True,False,False,True,True,True,False,True,True,False,False,False,True,True,True,False,False,True,False,True,True,False,False,False
120,"CNJ THM ACN MGB MGN INV ERU AST MGR MGA SAB PCT",False,False,False,False,False,False,True,True,False,False,False,False,False,False,False,False,False,False,False,False,False,False,False,False,True,True,True,True,True,False,False,False,False,True,False,True,True,False,False,False,True,False,True,False,False,False
121,"PLD GER CBO SBP",False,False,False,False,False,False,False,False,False,False,False,False,False,False,False,False,False,False,False,True,False,True,False,False,False,False,False,False,False,False,False,False,True,False,False,False,False,True,False,False,False,False,False,False,False,False
122,"MNJ DRG NIN SAM SGD VPR",False,False,False,False,False,False,False,False,False,False,False,False,False,False,False,False,False,False,False,False,True,False,True,False,False,False,False,False,False,False,True,False,False,False,True,False,False,False,False,True,False,True,False,False,False,False
123,"BRD MQN BLN",False,False,False,False,False,False,False,False,False,False,False,False,False,False,False,False,False,False,False,False,False,False,False,True,False,False,False,False,False,False,False,True,False,False,False,False,False,False,True,False,False,False,False,False,False,False
124,"MGN INV MGR MGA PCT",False,False,False,False,False,False,False,False,False,False,False,False,False,False,False,False,False,False,False,False,False,False,False,False,False,True,False,True,False,False,False,False,False,False,False,True,True,False,False,False,False,False,True,False,False,False
125,"MGB ERU AST SAB",False,False,False,False,False,False,False,False,False,False,False,False,False,False,False,False,False,False,False,False,False,False,False,False,True,False,False,False,True,False,False,False,False,True,False,False,False,False,False,False,True,False,False,False,False,False
126,"MNJ DRG BRD NIN MQN SAM BLN SGD VPR",False,False,False,False,False,False,False,False,False,False,False,False,False,False,False,False,False,False,False,False,True,False,True,True,False,False,False,False,False,False,True,True,False,False,True,False,False,False,True,True,False,True,False,False,False,False
127,"MNJ DRG MGN INV NIN SAM MGR MGA SGD VPR PCT",False,False,False,False,False,False,False,False,False,False,False,False,False,False,False,False,False,False,False,False,True,False,True,False,False,True,False,True,False,False,True,False,False,False,True,True,True,False,False,True,False,True,True,False,False,False
128,"MGB MGN INV ERU AST MGR MGA SAB PCT",False,False,False,False,False,False,False,False,False,False,False,False,False,False,False,False,False,False,False,False,False,False,False,False,True,True,False,True,True,False,False,False,False,True,False,True,True,False,False,False,True,False,True,False,False,False
129,"MGA",False,False,False,False,False,False,False,False,False,False,False,False,False,False,False,False,False,False,False,False,False,False,False,False,False,False,False,False,False,False,False,False,False,False,False,False,True,False,False,False,False,False,False,False,False,False
130,"Todas las clases y profesiones (excepto las profesiones limitadas)",True,True,True,True,True,True,True,True,True,True,True,True,True,True,True,True,True,True,True,True,True,True,True,True,True,True,True,True,True,True,True,True,True,True,True,True,False,True,True,True,True,True,True,False,False,False
131,"MNJ DRG BRD MGN INV NIN MQN SAM MGR BLN SGD VPR PCT",False,False,False,False,False,False,False,False,False,False,False,False,False,False,False,False,False,False,False,False,True,False,True,True,False,True,False,True,False,False,True,True,False,False,True,True,False,False,True,True,False,True,True,False,False,False
132,"MNJ DRG BRD MGB MGN INV ERU NIN MQN AST SAM MGR BLN SGD SAB VPR PCT",False,False,False,False,False,False,False,False,False,False,False,False,False,False,False,False,False,False,False,False,True,False,True,True,True,True,False,True,True,False,True,True,False,True,True,True,False,False,True,True,True,True,True,False,False,False
133,"MGB ERU AST SAB",False,False,False,False,False,False,False,False,False,False,False,False,False,False,False,False,False,False,False,False,False,False,False,False,True,False,False,False,True,False,False,False,False,True,False,False,False,False,False,False,True,False,False,False,False,False
134,"PLD GER CBO SBP",False,False,False,False,False,False,False,False,False,False,False,False,False,False,False,False,False,False,False,True,False,True,False,False,False,False,False,False,False,False,False,False,True,False,False,False,False,True,False,False,False,False,False,False,False,False
135,"PLD MNJ GER DRG BRD MGN INV NIN MQN CBO SAM MGR SBP BLN SGD VPR PCT",False,False,False,False,False,False,False,False,False,False,False,False,False,False,False,False,False,False,False,True,True,True,True,True,False,True,False,True,False,False,True,True,True,False,True,True,False,True,True,True,False,True,True,False,False,False
136,"PLD GER MGB ERU CBO AST SBP SAB",False,False,False,False,False,False,False,False,False,False,False,False,False,False,False,False,False,False,False,True,False,True,False,False,True,False,False,False,True,False,False,False,True,True,False,False,False,True,False,False,True,False,False,False,False,False
137,"PLD MNJ GER DRG BRD MGB MGN INV ERU NIN MQN CBO AST SAM MGR SBP BLN SGD SAB VPR PCT",False,False,False,False,False,False,False,False,False,False,False,False,False,False,False,False,False,False,False,True,True,True,True,True,True,True,False,True,True,False,True,True,True,True,True,True,False,True,True,True,True,True,True,False,False,False
138,"PLD MNJ GER DRG NIN CBO SAM SBP SGD VPR",False,False,False,False,False,False,False,False,False,False,False,False,False,False,False,False,False,False,False,True,True,True,True,False,False,False,False,False,False,False,True,False,True,False,True,False,False,True,False,True,False,True,False,False,False,False
139,"BRD MQN BLN",False,False,False,False,False,False,False,False,False,False,False,False,False,False,False,False,False,False,False,False,False,False,False,True,False,False,False,False,False,False,False,True,False,False,False,False,False,False,True,False,False,False,False,False,False,False
140,"MGB MGN INV ERU AST MGR SAB PCT",False,False,False,False,False,False,False,False,False,False,False,False,False,False,False,False,False,False,False,False,False,False,False,False,True,True,False,True,True,False,False,False,False,True,False,True,False,False,False,False,True,False,True,False,False,False
141,"PLD MNJ GER DRG BRD MGB MGN INV ERU MQN CBO AST SAM MGR SBP BLN SGD SAB VPR PCT",False,False,False,False,False,False,False,False,False,False,False,False,False,False,False,False,False,False,False,True,True,True,True,True,True,True,False,True,True,False,False,True,True,True,True,True,False,True,True,True,True,True,True,False,False,False
142,"Cualquier discípulo de la Guerra o la Magia (excepto las profesiones limitadas)",False,True,True,True,True,True,True,True,False,False,False,False,False,False,False,False,False,False,False,True,True,True,True,True,True,True,True,True,True,True,True,True,True,True,True,True,False,True,True,True,True,True,True,False,False,False
143,"Discípulos de la Guerra (excepto las profesiones limitadas)",False,True,True,True,True,True,False,False,False,False,False,False,False,False,False,False,False,False,False,True,True,True,True,True,False,False,False,False,False,True,True,True,True,False,True,False,False,True,True,True,False,True,False,False,False,False
144,"Cualquier discípulo de la Magia (excepto las profesiones limitadas)",False,False,False,False,False,False,True,True,False,False,False,False,False,False,False,False,False,False,False,False,False,False,False,False,True,True,True,True,True,False,False,False,False,True,False,True,False,False,False,False,True,False,True,False,False,False
145,"PLD MNJ GER DRG BRD NIN MQN CBO SAM SBP BLN SGD VPR",False,False,False,False,False,False,False,False,False,False,False,False,False,False,False,False,False,False,False,True,True,True,True,True,False,False,False,False,False,False,True,True,True,False,True,False,False,True,True,True,False,True,False,False,False,False
146,"Cualquier clase de los Discípulos de la Guerra o la Magia (excepto las profesiones limitadas)",False,False,False,False,False,False,False,False,False,False,False,False,False,False,False,False,False,False,False,True,True,True,True,True,True,True,False,True,True,False,True,True,True,True,True,True,False,True,True,True,True,True,True,False,False,False
147,"MGN INV MGR PCT",False,False,False,False,False,False,False,False,False,False,False,False,False,False,False,False,False,False,False,False,False,False,False,False,False,True,False,True,False,False,False,False,False,False,False,True,False,False,False,False,False,False,True,False,False,False
148,"MNJ DRG NIN SAM SGD VPR",False,False,False,False,False,False,False,False,False,False,False,False,False,False,False,False,False,False,False,False,True,False,True,False,False,False,False,False,False,False,True,False,False,False,True,False,False,False,False,True,False,True,False,False,False,False
149,"SBP",False,False,False,False,False,False,False,False,False,False,False,False,False,False,False,False,False,False,False,False,False,False,False,False,False,False,False,False,False,False,False,False,False,False,False,False,False,True,False,False,False,False,False,False,False,False
150,"BLN",False,False,False,False,False,False,False,False,False,False,False,False,False,False,False,False,False,False,False,False,False,False,False,False,False,False,False,False,False,False,False,False,False,False,False,False,False,False,True,False,False,False,False,False,False,False
151,"HRR, ARM, ORF",False,False,False,False,False,False,False,False,False,True,True,True,False,False,False,False,False,False,False,False,False,False,False,False,False,False,False,False,False,False,False,False,False,False,False,False,False,False,False,False,False,False,False,False,False,False
152,"CRP, PLT, TJD",False,False,False,False,False,False,False,False,True,False,False,False,True,True,False,False,False,False,False,False,False,False,False,False,False,False,False,False,False,False,False,False,False,False,False,False,False,False,False,False,False,False,False,False,False,False
153,"ALQ, CUL",False,False,False,False,False,False,False,False,False,False,False,False,False,False,True,True,False,False,False,False,False,False,False,False,False,False,False,False,False,False,False,False,False,False,False,False,False,False,False,False,False,False,False,False,False,False
154,"MIN, BTN",False,False,False,False,False,False,False,False,False,False,False,False,False,False,False,False,True,True,False,False,False,False,False,False,False,False,False,False,False,False,False,False,False,False,False,False,False,False,False,False,False,False,False,False,False,False
155,"PSC",False,False,False,False,False,False,False,False,False,False,False,False,False,False,False,False,False,False,True,False,False,False,False,False,False,False,False,False,False,False,False,False,False,False,False,False,False,False,False,False,False,False,False,False,False,False
156,"Tanque (excepto clases limitadas)",False,False,False,False,False,False,False,False,False,False,False,False,False,False,False,False,False,False,False,True,False,True,False,False,False,False,False,False,False,False,False,False,True,False,False,False,False,True,False,False,False,False,False,False,False,False
157,"Sanador (excepto clases limitadas)",False,False,False,False,False,False,False,False,False,False,False,False,False,False,False,False,False,False,False,False,False,False,False,False,True,False,False,False,True,False,False,False,False,True,False,False,False,False,False,False,True,False,False,False,False,False
158,"DPS físico (excepto clases limitadas)",False,False,False,False,False,False,False,False,False,False,False,False,False,False,False,False,False,False,False,False,True,False,True,True,False,False,False,False,False,False,True,True,False,False,True,False,False,False,True,True,False,True,False,False,False,False
159,"DPS mágico a distancia (excepto clases limitadas)",False,False,False,False,False,False,False,False,False,False,False,False,False,False,False,False,False,False,False,False,False,False,False,False,False,True,False,True,False,False,False,False,False,False,False,True,False,False,False,False,False,False,True,False,False,False
160,"ACN ERU",False,False,False,False,False,False,False,False,False,False,False,False,False,False,False,False,False,False,False,False,False,False,False,False,False,False,True,False,True,False,False,False,False,False,False,False,False,False,False,False,False,False,False,False,False,False
161,"GLD PGL MRD LNC ARQ PLD MNJ GER DRG BRD BAN NIN MQN CBO SAM SBP BLN SGD VPR",False,True,True,True,True,True,False,False,False,False,False,False,False,False,False,False,False,False,False,True,True,True,True,True,False,False,False,False,False,True,True,True,True,False,True,False,False,True,True,True,False,True,False,False,False,False
162,"PLD MNJ GER DRG BRD MGB MGN INV ERU NIN MQN CBO AST SAM MGR SBP BLN",False,False,False,False,False,False,False,False,False,False,False,False,False,False,False,False,False,False,False,True,True,True,True,True,True,True,False,True,True,False,True,True,True,True,True,True,False,True,True,False,False,False,False,False,False,False
163,"MNJ DRG BRD MGN INV NIN MQN SAM MGR BLN SGD VPR PCT",False,False,False,False,False,False,False,False,False,False,False,False,False,False,False,False,False,False,False,False,True,False,True,True,False,True,False,True,False,False,True,True,False,False,True,True,False,False,True,True,False,True,True,False,False,False
164,"MNJ DRG BRD MGB MGN INV ERU NIN MQN AST SAM MGR BLN SGD SAB VPR PCT",False,False,False,False,False,False,False,False,False,False,False,False,False,False,False,False,False,False,False,False,True,False,True,True,True,True,False,True,True,False,True,True,False,True,True,True,False,False,True,True,True,True,True,False,False,False
165,"MGB ERU AST SAB",False,False,False,False,False,False,False,False,False,False,False,False,False,False,False,False,False,False,False,False,False,False,False,False,True,False,False,False,True,False,False,False,False,True,False,False,False,False,False,False,True,False,False,False,False,False
166,"PLD GER CBO SBP",False,False,False,False,False,False,False,False,False,False,False,False,False,False,False,False,False,False,False,True,False,True,False,False,False,False,False,False,False,False,False,False,True,False,False,False,False,True,False,False,False,False,False,False,False,False
167,"PLD MNJ GER DRG BRD MGN INV NIN MQN CBO SAM MGR SBP BLN SGD VPR PCT",False,False,False,False,False,False,False,False,False,False,False,False,False,False,False,False,False,False,False,True,True,True,True,True,False,True,False,True,False,False,True,True,True,False,True,True,False,True,True,True,False,True,True,False,False,False
168,"PLD GER MGB ERU CBO AST SBP SAB",False,False,False,False,False,False,False,False,False,False,False,False,False,False,False,False,False,False,False,True,False,True,False,False,True,False,False,False,True,False,False,False,True,True,False,False,False,True,False,False,True,False,False,False,False,False
169,"PLD MNJ GER DRG BRD MGB MGN INV ERU NIN MQN CBO AST SAM MGR SBP BLN SGD SAB VPR PCT",False,False,False,False,False,False,False,False,False,False,False,False,False,False,False,False,False,False,False,True,True,True,True,True,True,True,False,True,True,False,True,True,True,True,True,True,False,True,True,True,True,True,True,False,False,False
170,"PLD MNJ GER DRG NIN CBO SAM SBP SGD VPR",False,False,False,False,False,False,False,False,False,False,False,False,False,False,False,False,False,False,False,True,True,True,True,False,False,False,False,False,False,False,True,False,True,False,True,False,False,True,False,True,False,True,False,False,False,False
171,"BRD MQN BLN",False,False,False,False,False,False,False,False,False,False,False,False,False,False,False,False,False,False,False,False,False,False,False,True,False,False,False,False,False,False,False,True,False,False,False,False,False,False,True,False,False,False,False,False,False,False
172,"MGB MGN INV ERU AST MGR SAB PCT",False,False,False,False,False,False,False,False,False,False,False,False,False,False,False,False,False,False,False,False,False,False,False,False,True,True,False,True,True,False,False,False,False,True,False,True,False,False,False,False,True,False,True,False,False,False
173,"PLD MNJ GER DRG BRD MGB MGN INV ERU MQN CBO AST SAM MGR SBP BLN SGD SAB VPR PCT",False,False,False,False,False,False,False,False,False,False,False,False,False,False,False,False,False,False,False,True,True,True,True,True,True,True,False,True,True,False,False,True,True,True,True,True,False,True,True,True,True,True,True,False,False,False
174,"PLD MNJ GER DRG BRD NIN MQN CBO SAM SBP BLN SGD VPR",False,False,False,False,False,False,False,False,False,False,False,False,False,False,False,False,False,False,False,True,True,True,True,True,False,False,False,False,False,False,True,True,True,False,True,False,False,True,True,True,False,True,False,False,False,False
175,"MGN INV MGR PCT",False,False,False,False,False,False,False,False,False,False,False,False,False,False,False,False,False,False,False,False,False,False,False,False,False,True,False,True,False,False,False,False,False,False,False,True,False,False,False,False,False,False,True,False,False,False
176,"MNJ DRG NIN SAM SGD VPR",False,False,False,False,False,False,False,False,False,False,False,False,False,False,False,False,False,False,False,False,True,False,True,False,False,False,False,False,False,False,True,False,False,False,True,False,False,False,False,True,False,True,False,False,False,False
177,"MNJ DRG BRD NIN MQN SAM BLN SGD VPR",False,False,False,False,False,False,False,False,False,False,False,False,False,False,False,False,False,False,False,False,True,False,True,True,False,False,False,False,False,False,True,True,False,False,True,False,False,False,True,True,False,True,False,False,False,False
178,"PLD GER MGN INV CBO MGR SBP PCT",False,False,False,False,False,False,False,False,False,False,False,False,False,False,False,False,False,False,False,True,False,True,False,False,False,True,False,True,False,False,False,False,True,False,False,True,False,True,False,False,False,False,True,False,False,False
179,"MGB INV ERU AST MGR SAB PCT",False,False,False,False,False,False,False,False,False,False,False,False,False,False,False,False,False,False,False,False,False,False,False,False,True,False,False,True,True,False,False,False,False,True,False,True,False,False,False,False,True,False,True,False,False,False
180,"SGD",False,False,False,False,False,False,False,False,False,False,False,False,False,False,False,False,False,False,False,False,False,False,False,False,False,False,False,False,False,False,False,False,False,False,False,False,False,False,False,True,False,False,False,False,False,False
181,"SAB",False,False,False,False,False,False,False,False,False,False,False,False,False,False,False,False,False,False,False,False,False,False,False,False,False,False,False,False,False,False,False,False,False,False,False,False,False,False,False,False,True,False,False,False,False,False
182,"",False,True,False,True,False,False,False,False,False,False,False,False,False,False,False,False,False,False,False,True,False,True,False,False,False,False,False,False,False,False,False,False,True,False,False,False,False,True,False,False,False,False,False,False,False,False
183,"",False,False,False,False,False,False,True,False,False,False,False,False,False,False,False,False,False,False,False,False,False,False,False,False,True,False,False,False,True,False,False,False,False,True,False,False,False,False,False,False,True,False,False,False,False,False
184,"",False,False,True,False,True,True,False,False,False,False,False,False,False,False,False,False,False,False,False,False,True,False,True,True,False,False,False,False,False,True,True,True,False,False,True,False,False,False,True,True,False,True,False,False,False,False
185,"",False,False,False,False,False,False,False,True,False,False,False,False,False,False,False,False,False,False,False,False,False,False,False,False,False,True,True,True,False,False,False,False,False,False,False,True,False,False,False,False,False,False,True,False,False,False
186,"Tanque (excepto clases limitadas)",False,False,False,False,False,False,False,False,False,False,False,False,False,False,False,False,False,False,False,True,False,True,False,False,False,False,False,False,False,False,False,False,True,False,False,False,False,True,False,False,False,False,False,False,False,False
187,"Sanador (excepto clases limitadas)",False,False,False,False,False,False,False,False,False,False,False,False,False,False,False,False,False,False,False,False,False,False,False,False,True,False,False,False,True,False,False,False,False,True,False,False,False,False,False,False,True,False,False,False,False,False
188,"DPS cuerpo a cuerpo (excepto clases limitadas)",False,False,False,False,False,False,False,False,False,False,False,False,False,False,False,False,False,False,False,False,True,False,True,False,False,False,False,False,False,False,True,False,False,False,True,False,False,False,False,True,False,True,False,False,False,False
189,"DPS físico a distancia (excepto clases limitadas)",False,False,False,False,False,False,False,False,False,False,False,False,False,False,False,False,False,False,False,False,False,False,False,True,False,False,False,False,False,False,False,True,False,False,False,False,False,False,True,False,False,False,False,False,False,False
190,"DPS mágico a distancia (excepto clases limitadas)",False,False,False,False,False,False,False,False,False,False,False,False,False,False,False,False,False,False,False,False,False,False,False,False,False,True,False,True,False,False,False,False,False,False,False,True,False,False,False,False,False,False,True,False,False,False
191,"PLD MNJ GER DRG BRD MGB MGN INV ERU NIN MQN CBO AST SAM MGR SBP BLN SGD SAB",False,False,False,False,False,False,False,False,False,False,False,False,False,False,False,False,False,False,False,True,True,True,True,True,True,True,False,True,True,False,True,True,True,True,True,True,False,True,True,True,True,False,False,False,False,False
192,"Cualquier discípulo de la Guerra o la Magia (excepto las profesiones limitadas)",False,True,True,True,True,True,True,True,False,False,False,False,False,False,False,False,False,False,False,True,True,True,True,True,True,True,True,True,True,True,True,True,True,True,True,True,False,True,True,True,True,True,True,False,False,False
193,"PGL LNC ARQ BAN CNJ THM ACN MNJ DRG BRD MGB MGN INV ERU NIN MQN AST SAM MGR BLN SGD SAB VPR PCT",False,False,True,False,True,True,True,True,False,False,False,False,False,False,False,False,False,False,False,False,True,False,True,True,True,True,True,True,True,True,True,True,False,True,True,True,False,False,True,True,True,True,True,False,False,False
194,"GLD MRD CNJ PLD GER MGB ERU CBO AST SBP SAB",False,True,False,True,False,False,True,False,False,False,False,False,False,False,False,False,False,False,False,True,False,True,False,False,True,False,False,False,True,False,False,False,True,True,False,False,False,True,False,False,True,False,False,False,False,False
195,"GLD MRD PGL LNC ARQ BAN THM ACN PLD MNJ GER DRG BRD MGN INV NIN MQN CBO SAM MGR SBP BLN SGD VPR PCT",False,True,True,True,True,True,False,True,False,False,False,False,False,False,False,False,False,False,False,True,True,True,True,True,False,True,True,True,False,True,True,True,True,False,True,True,False,True,True,True,False,True,True,False,False,False
196,"VPR",False,False,False,False,False,False,False,False,False,False,False,False,False,False,False,False,False,False,False,False,False,False,False,False,False,False,False,False,False,False,False,False,False,False,False,False,False,False,False,False,False,True,False,False,False,False
197,"PCT",False,False,False,False,False,False,False,False,False,False,False,False,False,False,False,False,False,False,False,False,False,False,False,False,False,False,False,False,False,False,False,False,False,False,False,False,False,False,False,False,False,False,True,False,False,False
198,"THM MGN ACN INV MGR PCT",False,False,False,False,False,False,False,True,False,False,False,False,False,False,False,False,False,False,False,False,False,False,False,False,False,True,True,True,False,False,False,False,False,False,False,True,False,False,False,False,False,False,True,False,False,False
199,"CNJ THM MGB MGN ACN INV ERU AST MGR SAB PCT",False,False,False,False,False,False,True,True,False,False,False,False,False,False,False,False,False,False,False,False,False,False,False,False,True,True,True,True,True,False,False,False,False,True,False,True,False,False,False,False,True,False,True,False,False,False
200,"PLD MNJ GER DRG BRD MGB MGN INV ERU NIN MQN CBO AST SAM MGR SBP BLN SGD SAB VPR PCT",False,False,False,False,False,False,False,False,False,False,False,False,False,False,False,False,False,False,False,True,True,True,True,True,True,True,False,True,True,False,True,True,True,True,True,True,False,True,True,True,True,True,True,False,False,False
201,"PLD MNJ GER DRG BRD MGB MGN INV ERU NIN MQN CBO AST SAM MGR SBP BLN SGD SAB VPR PCT",False,False,False,False,False,False,False,False,False,False,False,False,False,False,False,False,False,False,False,True,True,True,True,True,True,True,False,True,True,False,True,True,True,True,True,True,False,True,True,True,True,True,True,False,False,False
202,"MIN BTN",False,False,False,False,False,False,False,False,False,False,False,False,False,False,False,False,True,True,False,False,False,False,False,False,False,False,False,False,False,False,False,False,False,False,False,False,False,False,False,False,False,False,False,False,False,False
203,"",False,False,False,False,False,False,False,False,False,False,False,False,False,False,False,False,False,False,False,False,False,False,False,False,False,False,False,False,False,False,False,False,False,False,False,False,False,False,False,False,False,False,False,False,False,False
204,"",False,False,False,False,False,False,False,False,False,False,False,False,False,False,False,False,False,False,False,False,False,False,False,False,False,False,False,False,False,False,False,False,False,False,False,False,False,False,False,False,False,False,False,False,False,False
205,"",False,False,False,False,False,False,False,False,False,False,False,False,False,False,False,False,False,False,False,False,False,False,False,False,False,False,False,False,False,False,False,False,False,False,False,False,False,False,False,False,False,False,False,False,False,False
